id,first_name,last_name,email,gender,ip_address
1,Cristian,Hrishchenko,chrishchenko0@php.net,Male,97.48.116.49
2,Petronella,McKerley,pmckerley1@e-recht24.de,Female,13.20.94.252
3,Chaim,Downie,cdownie2@sfgate.com,Male,190.108.216.108
4,Adora,O'Donnelly,aodonnelly3@thetimes.co.uk,Female,136.170.248.125
5,Rakel,Spiniello,rspiniello4@diigo.com,Female,131.178.94.106
6,Vinnie,Mossop,vmossop5@illinois.edu,Male,223.131.196.71
7,Gaye,Blandamere,gblandamere6@mapy.cz,Female,14.22.173.160
8,Bearnard,Cowden,bcowden7@elegantthemes.com,Male,236.131.191.236
9,Hamel,Pauli,hpauli8@squidoo.com,Male,254.113.245.28
10,Amitie,Marklin,amarklin9@ocn.ne.jp,Female,198.190.30.183
11,Mil,Collyns,mcollynsa@sina.com.cn,Female,255.112.251.213
12,Duff,Reuther,dreutherb@whitehouse.gov,Male,3.108.208.18
13,Jerrie,Wards,jwardsc@yale.edu,Female,89.249.237.149
14,Henrik,Berardt,hberardtd@bloomberg.com,Male,29.227.89.108
15,Adel,Cazin,acazine@hc360.com,Female,26.59.77.132
16,Rubi,Webburn,rwebburnf@w3.org,Female,110.119.136.243
17,Rycca,Patient,rpatientg@stanford.edu,Female,98.224.107.236
18,Harli,Kermeen,hkermeenh@yandex.ru,Female,10.110.53.228
19,Byrom,Mudd,bmuddi@360.cn,Male,52.20.161.225
20,Jimmy,Bosket,jbosketj@simplemachines.org,Male,210.95.54.141
21,Angelia,Flounders,afloundersk@fotki.com,Female,91.159.70.246
22,Burnard,Cleyburn,bcleyburnl@discuz.net,Male,188.150.160.158
23,Tisha,Cage,tcagem@amazonaws.com,Female,251.183.110.18
24,Sharline,Berka,sberkan@fc2.com,Female,178.47.244.165
25,Benjamen,Cottam,bcottamo@linkedin.com,Male,46.196.69.36
26,Thomas,Hannigane,thanniganep@blogs.com,Male,233.14.99.26
27,Roana,Tierney,rtierneyq@cargocollective.com,Female,29.38.8.214
28,Ricardo,Hubbard,rhubbardr@boston.com,Male,17.55.229.208
29,Deedee,Kellitt,dkellitts@blinklist.com,Female,156.118.133.5
30,Lillian,Kobes,lkobest@google.cn,Female,171.225.89.114
31,Benjamen,Tourot,btourotu@msn.com,Male,211.132.39.23
32,Jamison,Turner,jturnerv@imgur.com,Male,102.143.225.4
33,Elaina,Basek,ebasekw@unicef.org,Female,248.195.177.232
34,Robinia,Woloschinski,rwoloschinskix@creativecommons.org,Female,146.28.153.247
35,Dodie,McQuin,dmcquiny@ustream.tv,Female,115.18.21.16
36,Shaylynn,Gilks,sgilksz@wix.com,Female,29.87.124.125
37,Magdalen,Chapelhow,mchapelhow10@answers.com,Female,97.193.121.213
38,Pier,Audry,paudry11@kickstarter.com,Female,1.114.200.98
39,Marybeth,Entwisle,mentwisle12@narod.ru,Female,94.240.171.126
40,Demetria,Stanluck,dstanluck13@economist.com,Female,81.0.230.53
41,Tore,Cayzer,tcayzer14@deviantart.com,Male,175.151.80.188
42,Cam,Honnicott,chonnicott15@dell.com,Male,123.226.126.61
43,Phil,Cyples,pcyples16@imgur.com,Male,5.111.67.30
44,Corey,Tivers,ctivers17@uol.com.br,Female,170.139.20.179
45,Kalli,De Lacey,kdelacey18@imgur.com,Female,86.211.101.93
46,Scot,Demongeot,sdemongeot19@behance.net,Male,54.67.82.250
47,Early,Dyson,edyson1a@telegraph.co.uk,Male,87.33.174.122
48,Janella,Bernardot,jbernardot1b@arstechnica.com,Female,147.224.201.32
49,Nikita,Cellier,ncellier1c@yolasite.com,Male,5.195.134.132
50,Leicester,Sheriff,lsheriff1d@wikimedia.org,Male,251.211.143.165
51,Charlot,Tirte,ctirte1e@tinyurl.com,Female,161.212.43.176
52,Myrah,Jedrzejewsky,mjedrzejewsky1f@amazon.co.uk,Female,88.93.3.21
53,Garrett,Aleksandrov,galeksandrov1g@twitter.com,Male,107.56.210.8
54,Del,Libri,dlibri1h@marriott.com,Male,67.76.23.19
55,Wilmette,Josefson,wjosefson1i@friendfeed.com,Female,207.56.231.72
56,Kassandra,Hallford,khallford1j@sitemeter.com,Female,45.32.123.186
57,Malva,Boshard,mboshard1k@stanford.edu,Female,95.189.139.222
58,Hilary,Kinner,hkinner1l@admin.ch,Female,123.84.37.19
59,Belva,Pulsford,bpulsford1m@a8.net,Female,192.91.252.137
60,Dorette,Spillett,dspillett1n@admin.ch,Female,71.127.204.16
61,Lurette,Lyvon,llyvon1o@lulu.com,Female,171.100.97.235
62,Gearard,Fashion,gfashion1p@spiegel.de,Male,172.15.55.160
63,Shamus,Grog,sgrog1q@cafepress.com,Male,147.100.12.93
64,Jens,Worsam,jworsam1r@answers.com,Male,194.216.248.196
65,Horace,Peres,hperes1s@redcross.org,Male,79.184.103.116
66,Sissy,Balffye,sbalffye1t@merriam-webster.com,Female,183.49.239.105
67,Matt,Gonthier,mgonthier1u@illinois.edu,Male,200.52.124.73
68,Eldon,Cornbell,ecornbell1v@twitpic.com,Male,141.193.24.160
69,Early,Delaney,edelaney1w@nytimes.com,Male,9.141.73.40
70,Roma,Rowland,rrowland1x@nymag.com,Male,121.65.77.29
71,Adler,Rhymer,arhymer1y@nifty.com,Male,87.150.48.121
72,Emmy,Mallatratt,emallatratt1z@taobao.com,Male,75.208.76.53
73,Ervin,Stiling,estiling20@g.co,Male,166.9.3.190
74,Fonz,Ielden,fielden21@tiny.cc,Male,172.154.98.178
75,Mada,Kitchingman,mkitchingman22@npr.org,Female,139.119.155.103
76,Morgana,Tresler,mtresler23@amazon.de,Female,64.214.153.141
77,Pandora,Blaxall,pblaxall24@reverbnation.com,Female,218.60.183.220
78,Natty,Cobson,ncobson25@ihg.com,Male,148.59.110.36
79,Anthe,Misken,amisken26@slideshare.net,Female,201.135.68.114
80,Uriah,McGuirk,umcguirk27@toplist.cz,Male,172.120.137.83
81,Correy,Zettler,czettler28@upenn.edu,Male,173.240.45.160
82,Blane,Daley,bdaley29@cargocollective.com,Male,115.162.191.134
83,Bondon,Clynter,bclynter2a@topsy.com,Male,134.178.222.15
84,Esdras,Clohisey,eclohisey2b@squarespace.com,Male,113.172.192.140
85,Ambros,Spary,aspary2c@elegantthemes.com,Male,77.14.54.211
86,Virgie,Singyard,vsingyard2d@last.fm,Female,148.163.162.105
87,Ardis,Tomasian,atomasian2e@pbs.org,Female,10.24.137.23
88,Jae,Comford,jcomford2f@skyrock.com,Male,243.97.240.143
89,Ulrika,Forcer,uforcer2g@loc.gov,Female,29.68.181.206
90,Kip,Blenkiron,kblenkiron2h@mac.com,Male,57.109.167.202
91,Karl,Samudio,ksamudio2i@xrea.com,Male,98.153.91.76
92,Adelind,Cawthorn,acawthorn2j@nasa.gov,Female,117.248.36.180
93,Costa,Valentinetti,cvalentinetti2k@mapquest.com,Male,248.138.109.124
94,Alina,Marden,amarden2l@businesswire.com,Female,87.247.46.239
95,Marvin,McCaighey,mmccaighey2m@flavors.me,Male,28.173.74.92
96,Davine,Nester,dnester2n@globo.com,Female,139.99.224.170
97,Hew,Greenwell,hgreenwell2o@chron.com,Male,46.171.159.138
98,Costanza,Suche,csuche2p@epa.gov,Female,162.228.33.76
99,Leanna,Pettingill,lpettingill2q@google.com.br,Female,171.0.139.57
100,Westbrook,Slader,wslader2r@mozilla.com,Male,197.233.171.214
101,Eugenia,Eastmond,eeastmond2s@state.gov,Female,44.155.214.250
102,Edik,Besse,ebesse2t@samsung.com,Male,172.208.167.37
103,Kaile,Babinski,kbabinski2u@harvard.edu,Female,218.244.29.87
104,Dagny,Brawson,dbrawson2v@indiatimes.com,Male,169.15.80.186
105,Sylvester,Wolvey,swolvey2w@icq.com,Male,148.136.246.85
106,Gerick,Nussii,gnussii2x@psu.edu,Male,68.246.80.202
107,Gasper,McOmish,gmcomish2y@barnesandnoble.com,Male,149.154.32.207
108,Goldina,Brussels,gbrussels2z@jugem.jp,Female,6.164.67.74
109,Rayshell,Kettlestringes,rkettlestringes30@adobe.com,Female,126.35.226.201
110,Cassius,Clemenza,cclemenza31@vistaprint.com,Male,179.95.3.61
111,Aloysius,Vickars,avickars32@example.com,Male,20.155.120.133
112,Darcey,Cranna,dcranna33@netscape.com,Female,128.155.44.139
113,Ira,Knowlman,iknowlman34@nationalgeographic.com,Male,187.116.149.44
114,Ignaz,Gerrels,igerrels35@gravatar.com,Male,53.13.141.59
115,Grayce,Cartlidge,gcartlidge36@alibaba.com,Female,52.142.19.191
116,Wynn,Benam,wbenam37@reddit.com,Female,246.108.28.118
117,Jacquie,Schroeder,jschroeder38@unc.edu,Female,204.95.112.151
118,Chiarra,Greenshiels,cgreenshiels39@google.fr,Female,230.111.24.238
119,Heall,Finder,hfinder3a@twitpic.com,Male,148.0.132.170
120,Trina,Leyden,tleyden3b@over-blog.com,Female,3.162.141.194
121,Thayne,McDonald,tmcdonald3c@dailymotion.com,Male,223.63.196.105
122,Kala,Hayzer,khayzer3d@paypal.com,Female,202.104.178.81
123,Port,Leibold,pleibold3e@sina.com.cn,Male,161.114.62.69
124,Ashton,Richie,arichie3f@comsenz.com,Male,86.90.180.136
125,Daloris,Whorf,dwhorf3g@about.me,Female,127.229.14.252
126,Tonya,Gilyatt,tgilyatt3h@hatena.ne.jp,Female,28.17.94.73
127,Kaspar,Sarginson,ksarginson3i@desdev.cn,Male,136.167.110.252
128,Martina,Autry,mautry3j@t.co,Female,137.8.202.52
129,Harlen,Athowe,hathowe3k@jigsy.com,Male,65.165.179.62
130,Kathe,Rake,krake3l@ucoz.ru,Female,176.85.145.75
131,Libbey,Iacomo,liacomo3m@independent.co.uk,Female,210.225.140.83
132,Harlen,Baldocci,hbaldocci3n@stanford.edu,Male,27.33.68.169
133,Leshia,Casaccio,lcasaccio3o@slashdot.org,Female,66.190.153.130
134,Padriac,Paulot,ppaulot3p@multiply.com,Male,184.143.25.173
135,Arabelle,Landsbury,alandsbury3q@census.gov,Female,55.245.113.152
136,Booth,Mintoft,bmintoft3r@about.me,Male,133.59.19.239
137,Poul,Laurenceau,plaurenceau3s@opensource.org,Male,189.14.239.224
138,Aymer,Golightly,agolightly3t@ed.gov,Male,6.118.253.108
139,Alecia,Keighley,akeighley3u@about.com,Female,207.227.219.32
140,Lauralee,Ashfield,lashfield3v@sciencedaily.com,Female,196.156.70.79
141,Michele,Garlicke,mgarlicke3w@ebay.com,Male,65.119.216.188
142,Baxy,Jemmison,bjemmison3x@comcast.net,Male,11.228.17.197
143,Hermon,Maddock,hmaddock3y@tumblr.com,Male,113.161.236.73
144,Krissy,Fitzjohn,kfitzjohn3z@salon.com,Female,205.82.200.238
145,Benji,Mitchinson,bmitchinson40@eepurl.com,Male,182.0.166.64
146,Justinian,Crummey,jcrummey41@bbc.co.uk,Male,36.240.171.63
147,Joyan,Brookes,jbrookes42@weather.com,Female,103.85.204.202
148,Sergeant,Vosper,svosper43@linkedin.com,Male,209.212.88.67
149,Daniel,Tyrie,dtyrie44@rambler.ru,Male,92.156.180.148
150,Dorree,Klimochkin,dklimochkin45@jimdo.com,Female,206.218.72.236
151,Tommi,Andri,tandri46@opensource.org,Female,232.73.171.253
152,Maiga,Patten,mpatten47@cyberchimps.com,Female,127.32.230.15
153,Ardys,Toombs,atoombs48@bloomberg.com,Female,151.36.40.69
154,Micheil,MacCartair,mmaccartair49@pcworld.com,Male,98.162.135.69
155,Niel,Saile,nsaile4a@taobao.com,Male,100.14.172.169
156,Adamo,Hek,ahek4b@patch.com,Male,175.198.193.78
157,Gerick,Rolls,grolls4c@vk.com,Male,78.61.180.188
158,Bartholomew,Eakins,beakins4d@last.fm,Male,49.227.43.150
159,Chucho,Bitcheno,cbitcheno4e@hugedomains.com,Male,157.154.115.227
160,Worthy,Rastall,wrastall4f@networkadvertising.org,Male,4.112.161.243
161,Hank,Salery,hsalery4g@epa.gov,Male,107.214.12.202
162,Killie,Absolom,kabsolom4h@boston.com,Male,156.240.57.162
163,Addia,Rigmand,arigmand4i@flickr.com,Female,160.80.28.16
164,Leif,Booth-Jarvis,lboothjarvis4j@loc.gov,Male,116.72.131.94
165,Martie,Colhoun,mcolhoun4k@simplemachines.org,Male,57.98.5.124
166,Symon,Hame,shame4l@elpais.com,Male,248.108.182.8
167,Theo,Enticott,tenticott4m@china.com.cn,Male,34.149.240.98
168,Jewel,Oppie,joppie4n@4shared.com,Female,228.212.254.48
169,Margarethe,Wallbank,mwallbank4o@dailymotion.com,Female,124.220.205.127
170,Uriah,Haime,uhaime4p@imdb.com,Male,72.250.25.151
171,Elfrida,Zanicchi,ezanicchi4q@example.com,Female,89.251.224.183
172,Bonnie,Munkton,bmunkton4r@g.co,Female,183.88.167.153
173,Andee,Bettinson,abettinson4s@domainmarket.com,Female,146.2.149.46
174,Fairleigh,Dillintone,fdillintone4t@is.gd,Male,136.66.228.243
175,Fayth,Kemball,fkemball4u@oaic.gov.au,Female,183.84.137.78
176,Brooke,Mangion,bmangion4v@clickbank.net,Male,214.71.21.164
177,Leonore,Spurdens,lspurdens4w@wunderground.com,Female,73.45.25.146
178,Renata,Dene,rdene4x@wunderground.com,Female,172.106.234.217
179,Chrissie,Zettler,czettler4y@desdev.cn,Female,172.171.211.174
180,Odey,Chaney,ochaney4z@gravatar.com,Male,84.225.207.31
181,Antonio,Peagrim,apeagrim50@mapquest.com,Male,238.150.81.195
182,Clayborne,Warret,cwarret51@github.io,Male,160.65.107.85
183,Ulric,Zanettini,uzanettini52@livejournal.com,Male,7.87.143.138
184,Lindon,Pither,lpither53@printfriendly.com,Male,81.106.123.36
185,Wileen,Harragin,wharragin54@tripod.com,Female,98.127.215.152
186,Oona,Genty,ogenty55@constantcontact.com,Female,245.137.141.127
187,Tadeas,Hawkshaw,thawkshaw56@admin.ch,Male,189.110.55.93
188,Iorgo,Wintle,iwintle57@marketwatch.com,Male,123.145.131.185
189,Ave,Jozsika,ajozsika58@cnbc.com,Male,133.13.193.123
190,Fredericka,Riolfo,friolfo59@joomla.org,Female,107.184.62.22
191,Orsola,Sapauton,osapauton5a@vimeo.com,Female,155.119.129.167
192,Marla,Presnell,mpresnell5b@miitbeian.gov.cn,Female,152.17.187.138
193,Jacinthe,Schimann,jschimann5c@lycos.com,Female,0.112.34.95
194,Dione,Eddison,deddison5d@xinhuanet.com,Female,73.73.155.37
195,Gwenni,Ranscomb,granscomb5e@comsenz.com,Female,74.97.94.149
196,Adolf,Fisby,afisby5f@topsy.com,Male,44.61.150.95
197,Concordia,Arghent,carghent5g@shinystat.com,Female,54.229.59.152
198,Brit,Aucoate,baucoate5h@amazon.de,Male,3.34.209.229
199,Clemmie,Drivers,cdrivers5i@globo.com,Female,110.208.124.21
200,Ondrea,McIlvaney,omcilvaney5j@cnbc.com,Female,14.67.169.149
201,Debbie,Furlow,dfurlow5k@go.com,Female,165.99.247.72
202,Allayne,O'Mullaney,aomullaney5l@goo.gl,Male,46.95.217.186
203,Kylie,Brecher,kbrecher5m@accuweather.com,Male,209.241.211.1
204,Guillaume,Murname,gmurname5n@soundcloud.com,Male,235.175.42.220
205,Vivia,Ballston,vballston5o@fotki.com,Female,137.50.107.140
206,Klemens,Saenz,ksaenz5p@altervista.org,Male,35.242.109.128
207,Hi,Sendall,hsendall5q@nature.com,Male,120.130.132.121
208,Loutitia,Kennerley,lkennerley5r@alexa.com,Female,11.103.139.171
209,Wesley,Coe,wcoe5s@list-manage.com,Male,89.59.167.179
210,Zelda,Leverette,zleverette5t@theatlantic.com,Female,90.158.164.253
211,Demott,Dalli,ddalli5u@51.la,Male,154.252.136.168
212,Neal,Prys,nprys5v@weather.com,Male,190.87.86.39
213,Marquita,Meneely,mmeneely5w@4shared.com,Female,210.218.53.179
214,Chloette,Ricarde,cricarde5x@reverbnation.com,Female,94.216.76.127
215,Johnathan,Lorking,jlorking5y@hhs.gov,Male,179.232.241.176
216,Grantley,Weal,gweal5z@omniture.com,Male,158.11.184.116
217,Yovonnda,De Blasi,ydeblasi60@dagondesign.com,Female,60.59.243.235
218,Chet,Zealey,czealey61@ameblo.jp,Male,232.184.46.250
219,Lorelle,Roseman,lroseman62@slashdot.org,Female,75.196.56.143
220,Victor,Lacase,vlacase63@netvibes.com,Male,132.111.241.141
221,Annelise,Ortes,aortes64@google.com.br,Female,236.151.59.27
222,Rodney,Grunnell,rgrunnell65@csmonitor.com,Male,234.73.4.213
223,Patricia,Chuck,pchuck66@nsw.gov.au,Female,219.76.72.165
224,Lewes,Tremoille,ltremoille67@bluehost.com,Male,165.5.126.173
225,Estrella,Lennarde,elennarde68@buzzfeed.com,Female,179.98.196.0
226,Papageno,Sieve,psieve69@illinois.edu,Male,207.131.239.90
227,Meriel,Eades,meades6a@blog.com,Female,161.137.217.105
228,Morgen,Lutwidge,mlutwidge6b@dailymail.co.uk,Male,110.53.73.104
229,Adrian,McGuggy,amcguggy6c@symantec.com,Male,196.169.137.12
230,Clayborne,Donavan,cdonavan6d@java.com,Male,172.213.172.195
231,Danielle,Proudman,dproudman6e@webmd.com,Female,40.153.160.127
232,Ody,Pillman,opillman6f@mtv.com,Male,181.22.122.83
233,Jedediah,Judkins,jjudkins6g@illinois.edu,Male,201.72.234.249
234,Kiah,Pitkeathley,kpitkeathley6h@scientificamerican.com,Female,131.74.192.188
235,Petunia,Phipp,pphipp6i@yellowpages.com,Female,70.233.76.87
236,Johny,Blincow,jblincow6j@gravatar.com,Male,38.172.101.0
237,Marilyn,Monshall,mmonshall6k@elpais.com,Female,9.241.79.183
238,Uri,O'Connor,uoconnor6l@dropbox.com,Male,74.213.25.121
239,Morganne,Hitchens,mhitchens6m@indiegogo.com,Female,76.123.245.64
240,Hetti,Oattes,hoattes6n@shutterfly.com,Female,84.22.242.63
241,Sharity,Lamperd,slamperd6o@1und1.de,Female,160.235.242.178
242,Lusa,Tearney,ltearney6p@hao123.com,Female,252.89.172.118
243,Caty,Kennion,ckennion6q@privacy.gov.au,Female,26.35.185.223
244,Therese,Crackett,tcrackett6r@spiegel.de,Female,86.220.238.120
245,Brittaney,Iffland,biffland6s@google.es,Female,142.152.197.101
246,Reeba,Bloxsom,rbloxsom6t@dailymail.co.uk,Female,130.215.198.162
247,Duff,Twallin,dtwallin6u@dailymail.co.uk,Male,74.94.207.29
248,Ulysses,Klimpke,uklimpke6v@marketwatch.com,Male,194.28.74.138
249,Gipsy,Icke,gicke6w@yolasite.com,Female,180.157.181.236
250,Forest,Ebbage,febbage6x@webeden.co.uk,Male,134.242.161.202
251,Hanni,Nore,hnore6y@omniture.com,Female,122.26.163.73
252,Brion,Smythin,bsmythin6z@yahoo.co.jp,Male,21.46.86.148
253,Cleon,Trodden,ctrodden70@fastcompany.com,Male,216.207.193.79
254,Liliane,Silverstone,lsilverstone71@furl.net,Female,4.63.144.200
255,Nixie,Antognoni,nantognoni72@sfgate.com,Female,160.141.166.214
256,Allix,Munton,amunton73@moonfruit.com,Female,191.49.12.76
257,Brice,Paskell,bpaskell74@myspace.com,Male,23.66.92.234
258,Caryl,Bayles,cbayles75@github.com,Male,186.173.120.10
259,Ninette,Jacobi,njacobi76@marketwatch.com,Female,98.153.177.8
260,Ruthie,Ortzen,rortzen77@unblog.fr,Female,222.87.107.90
261,Dalton,Grubbe,dgrubbe78@statcounter.com,Male,56.21.205.97
262,Erie,Kornalik,ekornalik79@timesonline.co.uk,Male,87.238.199.95
263,Pattin,Houlridge,phoulridge7a@4shared.com,Male,125.122.181.161
264,Celinka,Schuler,cschuler7b@mail.ru,Female,58.149.164.5
265,Ermin,Eivers,eeivers7c@blinklist.com,Male,14.145.217.94
266,Constantine,Christofe,cchristofe7d@tuttocitta.it,Male,16.103.94.91
267,Hazel,Merricks,hmerricks7e@wikia.com,Male,23.98.155.142
268,Lyndy,Lucey,llucey7f@blog.com,Female,139.30.0.209
269,Rinaldo,Shawl,rshawl7g@amazon.co.jp,Male,116.49.90.172
270,Tessy,Atwood,tatwood7h@topsy.com,Female,187.136.198.90
271,Jayson,Sawyers,jsawyers7i@newsvine.com,Male,3.32.0.19
272,Wallache,Hebdon,whebdon7j@desdev.cn,Male,130.48.238.16
273,Sascha,Tarplee,starplee7k@xing.com,Male,140.35.30.151
274,Gillan,Asals,gasals7l@google.it,Female,184.112.251.14
275,Rodd,Santora,rsantora7m@meetup.com,Male,110.115.225.216
276,Dory,Stetson,dstetson7n@mozilla.org,Male,115.132.122.84
277,Clare,Noke,cnoke7o@cbslocal.com,Male,173.166.160.29
278,Frank,Barratt,fbarratt7p@biblegateway.com,Male,25.39.165.67
279,Cornela,Szabo,cszabo7q@tripod.com,Female,187.253.177.202
280,Victoir,Towlson,vtowlson7r@free.fr,Male,150.99.108.19
281,Genevieve,Gilder,ggilder7s@goo.gl,Female,207.28.166.121
282,Melvin,Cornes,mcornes7t@tripadvisor.com,Male,79.43.68.94
283,Ferdinande,Volleth,fvolleth7u@pcworld.com,Female,21.163.78.86
284,Dennison,Cornthwaite,dcornthwaite7v@spiegel.de,Male,180.147.215.138
285,Darwin,Winship,dwinship7w@instagram.com,Male,43.215.185.101
286,Haze,Blasius,hblasius7x@taobao.com,Male,242.161.164.176
287,Justino,Glentz,jglentz7y@wisc.edu,Male,13.93.247.26
288,Sadye,Baudi,sbaudi7z@usnews.com,Female,106.77.123.201
289,Bentley,Pomfrey,bpomfrey80@topsy.com,Male,87.194.239.170
290,Townie,Mawman,tmawman81@nifty.com,Male,68.254.245.166
291,Odey,Wroe,owroe82@baidu.com,Male,115.146.222.95
292,Dora,Penas,dpenas83@gov.uk,Female,61.36.252.172
293,Nichole,Du Fray,ndufray84@tripod.com,Male,49.188.127.144
294,Sanford,Grellier,sgrellier85@adobe.com,Male,240.23.157.148
295,Conan,Wicklen,cwicklen86@apple.com,Male,42.2.28.76
296,Joseito,Bullers,jbullers87@tiny.cc,Male,90.102.51.165
297,Nicholle,Wiggall,nwiggall88@123-reg.co.uk,Female,24.186.0.218
298,Merrile,Haw,mhaw89@narod.ru,Female,11.248.167.216
299,Mariana,Cast,mcast8a@printfriendly.com,Female,33.109.58.61
300,Cele,Janic,cjanic8b@facebook.com,Female,19.174.122.215
301,Charlotta,Hebard,chebard8c@ustream.tv,Female,161.246.250.150
302,Jerrold,Irwin,jirwin8d@tamu.edu,Male,56.240.9.104
303,Garrard,Pettersen,gpettersen8e@cafepress.com,Male,203.143.42.21
304,Lyndsie,Bozier,lbozier8f@woothemes.com,Female,155.12.165.69
305,Mimi,Jerrome,mjerrome8g@zimbio.com,Female,213.164.163.114
306,Devy,Drohan,ddrohan8h@goo.ne.jp,Male,10.10.12.83
307,Carling,Bromidge,cbromidge8i@google.nl,Male,75.202.195.84
308,Albie,Botten,abotten8j@cisco.com,Male,251.234.24.140
309,Urbano,Trees,utrees8k@dedecms.com,Male,70.125.215.130
310,Giavani,Leupold,gleupold8l@google.com.br,Male,174.23.227.81
311,Richmond,Rundall,rrundall8m@abc.net.au,Male,129.69.191.254
312,Ronda,Blaik,rblaik8n@sciencedaily.com,Female,133.156.59.90
313,Dillon,Bazire,dbazire8o@ucla.edu,Male,207.146.173.44
314,Claribel,Lahrs,clahrs8p@nytimes.com,Female,46.148.40.185
315,Rosemonde,Fearney,rfearney8q@wordpress.com,Female,181.50.61.133
316,Babb,MacElholm,bmacelholm8r@indiegogo.com,Female,178.94.143.177
317,Lamont,Dannett,ldannett8s@timesonline.co.uk,Male,228.15.59.149
318,Franklin,Monshall,fmonshall8t@tuttocitta.it,Male,171.194.35.148
319,Thaine,Clingoe,tclingoe8u@icio.us,Male,170.38.226.170
320,Jule,Drewell,jdrewell8v@fastcompany.com,Male,110.24.99.169
321,Kip,Faithfull,kfaithfull8w@disqus.com,Female,31.144.96.68
322,Becca,Bayston,bbayston8x@amazon.co.jp,Female,104.58.53.55
323,Carree,McDowell,cmcdowell8y@discuz.net,Female,132.247.209.68
324,Tedra,Jodrelle,tjodrelle8z@storify.com,Female,92.186.144.17
325,Pete,Rosell,prosell90@google.de,Male,139.70.244.23
326,Daron,Roose,droose91@t-online.de,Male,248.103.34.237
327,Evin,Izzard,eizzard92@irs.gov,Male,22.151.180.39
328,Lezlie,Rupert,lrupert93@techcrunch.com,Female,38.234.111.241
329,Read,Cecely,rcecely94@domainmarket.com,Male,19.10.227.24
330,Kayle,Percy,kpercy95@dion.ne.jp,Female,143.240.111.226
331,Patrizius,Kingdom,pkingdom96@wiley.com,Male,42.211.24.14
332,Mellie,Armor,marmor97@forbes.com,Female,245.99.22.97
333,Ilse,Wennington,iwennington98@slideshare.net,Female,155.121.3.94
334,Garrard,Kinsley,gkinsley99@cbslocal.com,Male,75.204.218.205
335,Lonna,Beckerleg,lbeckerleg9a@moonfruit.com,Female,127.178.16.31
336,Livvy,Emlin,lemlin9b@jugem.jp,Female,143.186.105.188
337,Aubree,Rehme,arehme9c@latimes.com,Female,156.170.124.104
338,Ernestus,Tangye,etangye9d@oakley.com,Male,156.129.217.215
339,Patrica,Dennant,pdennant9e@microsoft.com,Female,179.159.114.54
340,Antonin,Szymanek,aszymanek9f@prweb.com,Male,36.13.147.250
341,Cornela,Feldhammer,cfeldhammer9g@webs.com,Female,61.213.30.85
342,Miof mela,Braksper,mbraksper9h@nih.gov,Female,151.166.76.182
343,Arleen,Fury,afury9i@jiathis.com,Female,6.114.233.121
344,Kleon,Cowins,kcowins9j@squidoo.com,Male,28.144.11.181
345,Eb,Nunson,enunson9k@sohu.com,Male,127.212.226.105
346,Court,Hannent,channent9l@un.org,Male,10.65.173.222
347,Berk,Creak,bcreak9m@wix.com,Male,57.80.125.105
348,Freeman,Brantl,fbrantl9n@wix.com,Male,251.198.116.216
349,Jandy,Calf,jcalf9o@posterous.com,Female,7.111.86.144
350,Rennie,Edelheit,redelheit9p@wisc.edu,Female,82.234.241.160
351,Loretta,Kitney,lkitney9q@amazon.de,Female,100.200.1.76
352,Lena,Whitby,lwhitby9r@mozilla.com,Female,192.73.58.143
353,Elisabet,Zeplin,ezeplin9s@mediafire.com,Female,2.193.204.147
354,Weider,Pepi,wpepi9t@wufoo.com,Male,242.222.133.214
355,Beverley,Sailor,bsailor9u@pbs.org,Female,120.194.20.185
356,Germana,Florence,gflorence9v@dell.com,Female,254.142.38.26
357,Lewie,Exon,lexon9w@nationalgeographic.com,Male,36.148.159.18
358,Moira,Lorroway,mlorroway9x@wordpress.com,Female,206.117.234.7
359,Hanna,Dobney,hdobney9y@cnn.com,Female,128.104.158.31
360,Marya,Balding,mbalding9z@elpais.com,Female,84.237.64.126
361,Constantine,Kingswell,ckingswella0@yellowbook.com,Male,69.237.28.249
362,Tirrell,Paraman,tparamana1@icio.us,Male,221.179.196.55
363,Arvie,Margrem,amargrema2@zimbio.com,Male,18.74.27.196
364,Melodie,Bonevant,mbonevanta3@drupal.org,Female,222.235.108.99
365,Denna,Ladell,dladella4@hubpages.com,Female,141.247.96.223
366,Benito,Biset,bbiseta5@w3.org,Male,83.48.203.30
367,Aleda,Bonifant,abonifanta6@guardian.co.uk,Female,235.197.227.69
368,Deane,Shier,dshiera7@gnu.org,Female,189.230.170.234
369,Bealle,Applegarth,bapplegartha8@dailymotion.com,Male,28.41.196.111
370,Beaufort,Mewe,bmewea9@google.co.uk,Male,44.143.131.103
371,Si,Dufer,sduferaa@paginegialle.it,Male,134.157.241.230
372,Cal,Nutman,cnutmanab@guardian.co.uk,Male,236.163.149.240
373,Corey,Petrak,cpetrakac@infoseek.co.jp,Male,112.132.228.245
374,Cherlyn,Skitteral,cskitteralad@plala.or.jp,Female,51.69.62.21
375,Jephthah,Paydon,jpaydonae@who.int,Male,108.232.82.85
376,Camella,Rampton,cramptonaf@bluehost.com,Female,176.234.92.197
377,Teador,Brockie,tbrockieag@w3.org,Male,235.34.128.89
378,Innis,Farleigh,ifarleighah@google.co.uk,Male,161.10.84.245
379,Michelina,Hadwen,mhadwenai@github.com,Female,200.26.109.87
380,Rufe,Hawler,rhawleraj@arstechnica.com,Male,147.219.186.230
381,Ed,Burling,eburlingak@ustream.tv,Male,102.37.107.232
382,Olivie,Caston,ocastonal@gov.uk,Female,167.253.46.2
383,Elvira,Tittershill,etittershillam@addtoany.com,Female,131.187.47.56
384,Jay,Bedborough,jbedboroughan@go.com,Male,72.123.246.166
385,Fitz,Bahike,fbahikeao@wikia.com,Male,179.140.201.178
386,Moore,Clampe,mclampeap@icio.us,Male,121.90.249.237
387,Mellie,Dutson,mdutsonaq@google.co.uk,Female,134.167.105.60
388,Lucy,Bowle,lbowlear@ed.gov,Female,98.45.196.18
389,Lorelle,Torricella,ltorricellaas@pinterest.com,Female,246.211.89.191
390,Morena,Gerriet,mgerrietat@epa.gov,Female,237.5.195.202
391,Aarika,Filasov,afilasovau@cbc.ca,Female,89.6.192.174
392,My,Shoebottom,mshoebottomav@artisteer.com,Male,223.227.254.229
393,Angeline,Garner,agarneraw@nydailynews.com,Female,255.12.180.56
394,Avigdor,Ormes,aormesax@comcast.net,Male,220.127.0.37
395,Aldin,Buckthought,abuckthoughtay@rediff.com,Male,128.38.212.109
396,Elisabetta,Heaney,eheaneyaz@census.gov,Female,95.117.39.247
397,Davy,De Vaux,ddevauxb0@tinyurl.com,Male,49.36.123.108
398,Findley,Shippard,fshippardb1@harvard.edu,Male,54.141.184.156
399,Darrick,Bratchell,dbratchellb2@gmpg.org,Male,160.234.50.223
400,Jacky,Mylechreest,jmylechreestb3@adobe.com,Male,55.94.107.85
401,Emmeline,Shoreman,eshoremanb4@clickbank.net,Female,169.33.127.71
402,Ashla,Jorczyk,ajorczykb5@comsenz.com,Female,118.157.12.75
403,Shayna,Aleso,salesob6@indiatimes.com,Female,14.73.116.153
404,Marlon,Zorer,mzorerb7@aboutads.info,Male,92.25.220.93
405,Talia,Gullen,tgullenb8@engadget.com,Female,235.198.185.64
406,Kristin,Cabral,kcabralb9@examiner.com,Female,249.36.191.209
407,Mildrid,Brockton,mbrocktonba@cbsnews.com,Female,119.144.245.1
408,Barri,Collicott,bcollicottbb@fastcompany.com,Male,13.92.86.158
409,Milo,Braysher,mbraysherbc@wired.com,Male,17.1.124.150
410,Maurise,Alebrooke,malebrookebd@is.gd,Female,81.62.231.232
411,Kassey,Conant,kconantbe@amazon.co.uk,Female,74.82.52.33
412,Ingamar,Waleworke,iwaleworkebf@ucla.edu,Male,220.244.21.203
413,Clemmy,Benedidick,cbenedidickbg@w3.org,Male,179.11.34.97
414,Yolanthe,Ionn,yionnbh@wired.com,Female,127.8.21.43
415,Timi,McCutcheon,tmccutcheonbi@google.co.jp,Female,34.79.30.60
416,Amalle,Abreheart,aabreheartbj@diigo.com,Female,15.65.23.218
417,Rayshell,Freiburger,rfreiburgerbk@webs.com,Female,30.58.94.207
418,Silas,Quiddihy,squiddihybl@pen.io,Male,10.20.20.184
419,Sibyl,Belbin,sbelbinbm@cmu.edu,Male,128.17.224.194
420,Robert,Mewett,rmewettbn@flickr.com,Male,147.238.127.123
421,Nicole,Haggart,nhaggartbo@telegraph.co.uk,Female,246.21.10.41
422,Felicio,McCawley,fmccawleybp@ustream.tv,Male,48.234.165.114
423,Jacinda,Sinnatt,jsinnattbq@networkadvertising.org,Female,161.20.57.94
424,Rachele,Bescoby,rbescobybr@blogtalkradio.com,Female,233.221.18.124
425,Gisella,Tabard,gtabardbs@si.edu,Female,17.238.230.232
426,Wilona,Littleproud,wlittleproudbt@webmd.com,Female,81.92.164.74
427,Earlie,Streater,estreaterbu@istockphoto.com,Male,160.53.87.118
428,Sanson,Dyche,sdychebv@newyorker.com,Male,225.253.239.43
429,Leandra,Aicken,laickenbw@salon.com,Female,93.244.150.251
430,Lowrance,Wooles,lwoolesbx@xrea.com,Male,162.202.107.141
431,Derron,Shane,dshaneby@senate.gov,Male,233.183.199.219
432,Hyacinthe,Berrygun,hberrygunbz@e-recht24.de,Female,83.89.150.11
433,Gnni,Avrashin,gavrashinc0@state.tx.us,Female,100.45.215.197
434,Cammi,Reschke,creschkec1@howstuffworks.com,Female,175.151.168.74
435,Alexandre,Kenewel,akenewelc2@google.com.hk,Male,126.243.59.91
436,Burtie,Cejka,bcejkac3@163.com,Male,152.139.179.215
437,Gennifer,Gatecliffe,ggatecliffec4@so-net.ne.jp,Female,130.226.2.244
438,Jerry,Lillford,jlillfordc5@comsenz.com,Female,250.50.223.105
439,Jackson,Leversha,jlevershac6@edublogs.org,Male,95.228.140.139
440,Rorie,Gaynsford,rgaynsfordc7@printfriendly.com,Female,160.85.99.144
441,Brade,Firbanks,bfirbanksc8@wufoo.com,Male,122.115.148.37
442,Cosimo,Beecham,cbeechamc9@printfriendly.com,Male,103.204.129.61
443,Dara,Conan,dconanca@istockphoto.com,Female,180.185.30.10
444,Chelsae,Ramel,cramelcb@arizona.edu,Female,94.128.53.166
445,Pate,Siggin,psiggincc@bluehost.com,Male,240.193.177.94
446,Jodie,Cattroll,jcattrollcd@wikispaces.com,Female,4.172.15.130
447,Darby,Giorio,dgiorioce@cisco.com,Female,36.186.50.134
448,Scarlet,Lease,sleasecf@aboutads.info,Female,160.150.84.134
449,Dody,Burhill,dburhillcg@diigo.com,Female,116.205.72.171
450,Queenie,Landers,qlandersch@yahoo.co.jp,Female,224.116.28.44
451,Barbra,Fairbridge,bfairbridgeci@google.fr,Female,252.142.173.136
452,Cobby,Gribben,cgribbencj@addtoany.com,Male,4.98.231.73
453,Aldwin,Greedier,agreedierck@cnbc.com,Male,151.4.181.73
454,Michaelina,Tallent,mtallentcl@theglobeandmail.com,Female,247.93.148.79
455,Valentina,Yokelman,vyokelmancm@booking.com,Female,18.228.176.129
456,Rosaline,Lovie,rloviecn@ameblo.jp,Female,121.77.75.247
457,Erek,Cissell,ecissellco@taobao.com,Male,225.5.49.72
458,Wenona,Kopfer,wkopfercp@cnet.com,Female,249.8.101.55
459,Drusilla,Lamperd,dlamperdcq@bing.com,Female,56.211.222.36
460,Lilias,Matveiko,lmatveikocr@indiegogo.com,Female,228.174.42.223
461,Steve,Haveline,shavelinecs@jigsy.com,Male,13.13.78.144
462,Onofredo,Barriball,obarriballct@edublogs.org,Male,174.34.155.10
463,Jonis,Bettanay,jbettanaycu@sakura.ne.jp,Female,220.186.239.234
464,Jacki,Redwin,jredwincv@tiny.cc,Female,219.63.33.183
465,Barbabra,Baile,bbailecw@wikispaces.com,Female,102.217.234.47
466,Ava,Yakob,ayakobcx@omniture.com,Female,51.248.126.20
467,Kelcie,O'Halligan,kohalligancy@squarespace.com,Female,182.210.47.105
468,Farand,Taverner,ftavernercz@youtu.be,Female,112.195.219.41
469,Bibbye,Oldknow,boldknowd0@networkadvertising.org,Female,118.93.53.67
470,Daisie,Alden,daldend1@posterous.com,Female,165.222.150.105
471,Tod,Rustan,trustand2@uiuc.edu,Male,160.78.67.236
472,Victoir,Cardnell,vcardnelld3@hubpages.com,Male,215.150.143.84
473,Lorant,Blackburne,lblackburned4@hugedomains.com,Male,170.136.41.72
474,Moses,Clausner,mclausnerd5@youku.com,Male,4.146.81.160
475,Forster,Jeynes,fjeynesd6@chronoengine.com,Male,149.69.161.168
476,Thayne,Rathjen,trathjend7@cnet.com,Male,181.239.94.239
477,Kristopher,Crumpe,kcrumped8@cnbc.com,Male,200.80.50.252
478,Pietro,Sahlstrom,psahlstromd9@illinois.edu,Male,253.129.17.216
479,Chrotoem,Bensusan,cbensusanda@icq.com,Male,88.149.255.108
480,Titos,Poncet,tponcetdb@canalblog.com,Male,178.250.59.100
481,Steffi,Dyster,sdysterdc@wsj.com,Female,231.62.156.50
482,Freeman,Wassung,fwassungdd@craigslist.org,Male,196.19.112.187
483,Bria,Daen,bdaende@go.com,Female,238.213.172.115
484,Alistair,Armistead,aarmisteaddf@ezinearticles.com,Male,251.70.89.53
485,Hilliary,Thickin,hthickindg@jalbum.net,Female,216.78.122.248
486,Fredric,Angier,fangierdh@cisco.com,Male,156.127.62.197
487,Angelico,Ballham,aballhamdi@goo.gl,Male,223.227.25.111
488,Nil,Lutas,nlutasdj@lulu.com,Male,165.63.226.58
489,Vivi,Kubin,vkubindk@redcross.org,Female,29.88.170.153
490,Brander,Newns,bnewnsdl@cdc.gov,Male,49.243.96.167
491,Faustine,Creech,fcreechdm@tinyurl.com,Female,103.180.53.230
492,Dorie,Krammer,dkrammerdn@epa.gov,Female,154.148.251.218
493,Staci,Grimes,sgrimesdo@gnu.org,Female,208.109.87.10
494,Mayer,Sherwill,msherwilldp@miibeian.gov.cn,Male,207.12.66.99
495,Tamarra,Horsell,thorselldq@businesswire.com,Female,137.242.242.231
496,Shannon,Scocroft,sscocroftdr@purevolume.com,Male,110.210.58.243
497,Jedidiah,Rickesies,jrickesiesds@nhs.uk,Male,166.102.42.234
498,Vic,Jiggens,vjiggensdt@hp.com,Male,253.196.194.36
499,Felita,Pexton,fpextondu@nasa.gov,Female,224.84.194.199
500,Waring,Casero,wcaserodv@ucla.edu,Male,174.85.36.246
501,Chere,Robbs,crobbsdw@mediafire.com,Female,25.150.241.124
502,Byran,Spanton,bspantondx@wufoo.com,Male,31.158.44.123
503,Rhys,Maha,rmahady@github.com,Male,78.100.255.126
504,Jasen,Haskett,jhaskettdz@mit.edu,Male,140.9.213.227
505,Cornell,Jakubovics,cjakubovicse0@list-manage.com,Male,97.19.177.58
506,Rey,Paxman,rpaxmane1@springer.com,Male,223.6.187.58
507,Corny,O'Rodane,corodanee2@devhub.com,Male,66.97.220.120
508,Fabiano,Luna,flunae3@imgur.com,Male,119.222.47.251
509,Dulcy,Boncoeur,dboncoeure4@indiegogo.com,Female,252.109.176.70
510,Trefor,Mattiessen,tmattiessene5@fema.gov,Male,193.116.237.105
511,Abraham,Ketteridge,aketteridgee6@yahoo.com,Male,20.19.126.112
512,Amie,Duferie,aduferiee7@tiny.cc,Female,127.95.150.83
513,Giovanna,Sackur,gsackure8@constantcontact.com,Female,15.169.157.190
514,Erinn,Guirau,eguiraue9@meetup.com,Female,76.238.238.85
515,Roxine,Crufts,rcruftsea@usa.gov,Female,56.248.52.145
516,Karlan,Swindall,kswindalleb@pcworld.com,Male,87.82.171.66
517,Carlee,MacCarrane,cmaccarraneec@opera.com,Female,44.196.227.252
518,Rickert,Roggers,rroggersed@squarespace.com,Male,60.222.85.188
519,Milton,Dirkin,mdirkinee@nbcnews.com,Male,205.63.225.99
520,Wittie,Weatherdon,wweatherdonef@xinhuanet.com,Male,18.48.67.247
521,Gregoire,Garside,ggarsideeg@slashdot.org,Male,27.133.48.208
522,Aubert,Curwen,acurweneh@istockphoto.com,Male,10.103.240.186
523,Rossy,Petkens,rpetkensei@w3.org,Male,158.126.216.119
524,Avigdor,Haborn,ahabornej@pcworld.com,Male,50.223.147.93
525,Tish,Hoogendorp,thoogendorpek@unblog.fr,Female,156.125.142.88
526,Beltran,Frigout,bfrigoutel@nyu.edu,Male,134.128.182.228
527,Terrence,Key,tkeyem@lulu.com,Male,191.26.129.111
528,Florian,Cunliffe,fcunliffeen@samsung.com,Male,67.107.118.65
529,Marvin,Oleksinski,moleksinskieo@newsvine.com,Male,25.161.218.211
530,Brandice,Nowak,bnowakep@upenn.edu,Female,16.54.147.1
531,Thorsten,Spadaro,tspadaroeq@engadget.com,Male,42.44.190.140
532,Tymothy,Hallen,thallener@house.gov,Male,107.56.146.254
533,Cristiano,Ridsdole,cridsdolees@mac.com,Male,237.194.195.14
534,Robbert,Frankiss,rfrankisset@mlb.com,Male,49.72.52.69
535,Zorana,Jacobowicz,zjacobowiczeu@nytimes.com,Female,210.209.229.99
536,Grata,Lilleyman,glilleymanev@huffingtonpost.com,Female,87.133.4.94
537,Clyve,Crighton,ccrightonew@si.edu,Male,21.188.189.12
538,Jeni,Treamayne,jtreamayneex@nba.com,Female,136.101.36.100
539,Grantham,Chooter,gchooterey@mediafire.com,Male,218.244.15.160
540,Rutledge,Clampe,rclampeez@umich.edu,Male,92.92.105.115
541,Rog,MacColgan,rmaccolganf0@booking.com,Male,77.232.9.232
542,Mona,Hannaby,mhannabyf1@zimbio.com,Female,10.80.145.86
543,Aeriell,Scoon,ascoonf2@dion.ne.jp,Female,95.232.38.11
544,Mallory,Ogles,moglesf3@addthis.com,Male,56.91.47.89
545,Krisha,Balloch,kballochf4@fda.gov,Male,73.29.241.255
546,Tomasine,Cord,tcordf5@yellowpages.com,Female,45.237.87.160
547,Sherie,Dietz,sdietzf6@foxnews.com,Female,98.35.21.149
548,Candice,Ghest,cghestf7@fc2.com,Female,217.91.243.185
549,Devin,Crannage,dcrannagef8@unc.edu,Male,37.118.120.114
550,Donal,McGlaughn,dmcglaughnf9@51.la,Male,130.128.245.116
551,Zsa zsa,Gilbert,zgilbertfa@indiatimes.com,Female,77.182.49.224
552,Thibaud,Zuann,tzuannfb@parallels.com,Male,154.114.101.97
553,Dalli,Metham,dmethamfc@businessweek.com,Male,25.114.247.101
554,Caritta,Feldbau,cfeldbaufd@hao123.com,Female,42.219.181.111
555,Tabb,Alloway,tallowayfe@scribd.com,Male,79.219.2.41
556,Deonne,Bownde,dbowndeff@exblog.jp,Female,129.86.162.247
557,Batholomew,Connock,bconnockfg@yandex.ru,Male,34.226.114.49
558,Parker,Mutch,pmutchfh@google.ru,Male,80.2.238.175
559,Basil,Stanlake,bstanlakefi@dmoz.org,Male,185.166.240.237
560,Garner,Gwyther,ggwytherfj@themeforest.net,Male,207.167.217.35
561,Emmerich,Ebbins,eebbinsfk@adobe.com,Male,113.141.160.214
562,Angy,Kneel,akneelfl@google.es,Female,208.0.54.24
563,Helsa,Cawthorn,hcawthornfm@t-online.de,Female,125.170.121.227
564,Elbertina,Waryk,ewarykfn@ezinearticles.com,Female,73.57.224.183
565,Austen,Domnin,adomninfo@macromedia.com,Male,20.55.124.120
566,Teressa,Yare,tyarefp@latimes.com,Female,251.164.110.77
567,Pyotr,Sara,psarafq@miitbeian.gov.cn,Male,15.223.185.32
568,Benjie,Josefowicz,bjosefowiczfr@arizona.edu,Male,103.180.149.208
569,Diann,Priestnall,dpriestnallfs@godaddy.com,Female,145.0.178.10
570,Lamont,Eaglestone,leaglestoneft@ustream.tv,Male,131.109.82.201
571,Onfre,Grellis,ogrellisfu@jigsy.com,Male,170.23.227.44
572,Cross,Drews,cdrewsfv@geocities.com,Male,2.236.131.253
573,Emelda,Bann,ebannfw@last.fm,Female,24.180.13.229
574,Jasen,Ruzic,jruzicfx@uiuc.edu,Male,93.13.228.225
575,Paddy,Arendsen,parendsenfy@xrea.com,Male,4.223.103.146
576,Ambrosio,De Clairmont,adeclairmontfz@symantec.com,Male,254.42.203.33
577,Kacy,Addionisio,kaddionisiog0@altervista.org,Female,141.191.18.118
578,Naoma,Kitman,nkitmang1@cornell.edu,Female,100.251.41.76
579,Lindsy,McFee,lmcfeeg2@jigsy.com,Female,87.20.98.172
580,Reade,MacPake,rmacpakeg3@addtoany.com,Male,241.29.191.202
581,Smith,Koppeck,skoppeckg4@over-blog.com,Male,95.52.140.70
582,Shep,Reddecliffe,sreddecliffeg5@ezinearticles.com,Male,66.160.95.84
583,Killy,Hannigan,khannigang6@npr.org,Male,162.228.194.193
584,Persis,Oakman,poakmang7@yellowbook.com,Female,127.231.21.166
585,Ryann,McCabe,rmccabeg8@wikia.com,Female,103.57.119.135
586,Markos,Kenyon,mkenyong9@wordpress.com,Male,148.165.40.162
587,Catlee,Morit,cmoritga@cafepress.com,Female,20.144.203.24
588,Julio,Librey,jlibreygb@vk.com,Male,230.24.12.147
589,Everett,Cheng,echenggc@answers.com,Male,11.62.176.20
590,Winn,Sly,wslygd@apache.org,Male,221.133.189.34
591,Kayla,Guerrero,kguerreroge@51.la,Female,201.21.65.45
592,Glenn,Cleve,gclevegf@hostgator.com,Male,3.217.109.1
593,Ruprecht,Crook,rcrookgg@youku.com,Male,191.63.114.47
594,Northrop,Sheara,nshearagh@arizona.edu,Male,224.45.8.5
595,Buck,Alwin,balwingi@elegantthemes.com,Male,137.140.118.212
596,Vassily,Skelhorn,vskelhorngj@discuz.net,Male,140.250.249.119
597,Florella,Siddeley,fsiddeleygk@cafepress.com,Female,78.242.152.145
598,Milton,Layman,mlaymangl@miibeian.gov.cn,Male,70.42.200.205
599,Engelbert,Kynd,ekyndgm@samsung.com,Male,98.210.128.231
600,Jan,Mablestone,jmablestonegn@yellowbook.com,Female,61.166.96.102
601,Grata,Brydon,gbrydongo@hibu.com,Female,103.193.114.84
602,Theresina,Rosenblath,trosenblathgp@furl.net,Female,180.184.137.109
603,Marnia,Pfeffer,mpfeffergq@amazon.com,Female,159.246.24.4
604,Dario,Youd,dyoudgr@is.gd,Male,61.119.218.123
605,Kerri,Persse,kperssegs@pinterest.com,Female,189.221.223.93
606,Honoria,Rubbert,hrubbertgt@cnbc.com,Female,236.24.190.70
607,Jeane,Tothacot,jtothacotgu@addthis.com,Female,185.172.241.6
608,Ignacius,Lyddiatt,ilyddiattgv@businesswire.com,Male,203.15.210.149
609,Sherwin,Chessel,schesselgw@ted.com,Male,74.4.232.52
610,Zebadiah,Burdin,zburdingx@umich.edu,Male,32.6.63.216
611,Britteny,Wellstood,bwellstoodgy@barnesandnoble.com,Female,67.99.156.136
612,Siegfried,Strover,sstrovergz@soundcloud.com,Male,214.54.111.141
613,Averill,Davis,adavish0@oaic.gov.au,Male,15.3.235.121
614,Barbette,Peinton,bpeintonh1@canalblog.com,Female,38.228.105.198
615,Verina,Gotter,vgotterh2@thetimes.co.uk,Female,149.11.190.33
616,Mikaela,Rodolico,mrodolicoh3@whitehouse.gov,Female,12.198.5.57
617,Marcellina,Wagstaffe,mwagstaffeh4@pbs.org,Female,50.25.244.51
618,Jase,Pastor,jpastorh5@state.gov,Male,115.70.140.80
619,Boote,Fliege,bfliegeh6@ed.gov,Male,5.148.54.255
620,Willdon,Eldred,weldredh7@reverbnation.com,Male,17.201.178.16
621,Minna,Olivas,molivash8@people.com.cn,Female,66.189.116.73
622,Rudyard,Wudeland,rwudelandh9@g.co,Male,40.84.225.219
623,Alexia,Adam,aadamha@free.fr,Female,245.142.116.186
624,Marget,Spacie,mspaciehb@deliciousdays.com,Female,59.119.120.3
625,Lukas,Petley,lpetleyhc@digg.com,Male,18.29.40.79
626,Mikey,Yule,myulehd@liveinternet.ru,Male,13.141.152.194
627,Blair,Greenrod,bgreenrodhe@google.co.jp,Male,172.86.42.213
628,Lemuel,Woodwing,lwoodwinghf@indiegogo.com,Male,31.54.125.197
629,Madelyn,Gibbieson,mgibbiesonhg@arizona.edu,Female,38.14.78.214
630,Betteanne,Robinett,brobinetthh@usgs.gov,Female,121.15.5.226
631,Skippy,Milkin,smilkinhi@t.co,Male,205.26.212.133
632,Emelen,Williams,ewilliamshj@upenn.edu,Male,7.126.62.46
633,Carita,Thomason,cthomasonhk@sitemeter.com,Female,172.254.202.224
634,Cully,Wetherburn,cwetherburnhl@google.com,Male,191.85.147.61
635,Horacio,Challiner,hchallinerhm@alibaba.com,Male,193.187.250.76
636,Bald,Filppetti,bfilppettihn@spotify.com,Male,102.88.208.152
637,Eberto,Hrishchenko,ehrishchenkoho@indiegogo.com,Male,26.195.210.21
638,Mahmoud,Becket,mbeckethp@rakuten.co.jp,Male,7.30.57.166
639,Nikola,Featonby,nfeatonbyhq@reddit.com,Male,27.236.155.205
640,Sybilla,Rousby,srousbyhr@hugedomains.com,Female,161.127.108.128
641,Elene,Chippendale,echippendalehs@cpanel.net,Female,33.56.234.165
642,Bonnee,Twining,btwininght@oaic.gov.au,Female,185.79.152.139
643,Marchall,McLemon,mmclemonhu@whitehouse.gov,Male,135.156.123.72
644,Derward,Elliston,dellistonhv@examiner.com,Male,219.2.85.166
645,Lamond,Ranner,lrannerhw@weibo.com,Male,153.46.222.171
646,Shannah,Scamp,sscamphx@fema.gov,Female,16.158.78.238
647,Pippo,Bolduc,pbolduchy@reuters.com,Male,208.143.0.250
648,Lynne,Dorr,ldorrhz@twitpic.com,Female,117.200.215.44
649,Fayette,Guerin,fguerini0@storify.com,Female,92.62.237.227
650,Susie,Jemison,sjemisoni1@nydailynews.com,Female,156.61.198.65
651,Bunny,Plank,bplanki2@yellowbook.com,Female,242.102.74.238
652,Leilah,Lucy,llucyi3@jimdo.com,Female,108.139.68.30
653,Hamish,Ashby,hashbyi4@bloglovin.com,Male,77.43.87.105
654,Lauren,Rubery,lruberyi5@blogtalkradio.com,Female,5.179.27.149
655,Hi,Rengger,hrenggeri6@sciencedirect.com,Male,206.69.251.160
656,Reagan,Bilbrey,rbilbreyi7@bloglines.com,Male,173.230.126.198
657,Iver,Gabbatiss,igabbatissi8@istockphoto.com,Male,97.154.159.125
658,Brok,Bromby,bbrombyi9@mtv.com,Male,98.107.1.158
659,Baxie,Shilito,bshilitoia@thetimes.co.uk,Male,155.42.243.67
660,Norah,Andrzejczak,nandrzejczakib@cmu.edu,Female,26.155.65.66
661,Rodrique,Tebbs,rtebbsic@gizmodo.com,Male,246.59.189.191
662,Anjela,Birrel,abirrelid@ft.com,Female,112.231.79.250
663,Gibbie,Cackett,gcackettie@nymag.com,Male,81.175.82.89
664,Gabriela,Whittles,gwhittlesif@mac.com,Female,188.3.173.222
665,Rodina,Akess,rakessig@cornell.edu,Female,3.207.204.225
666,Morgan,Wyman,mwymanih@macromedia.com,Male,50.108.12.55
667,Hephzibah,Mapis,hmapisii@businessweek.com,Female,134.168.188.154
668,Doug,Parkes,dparkesij@miibeian.gov.cn,Male,205.67.27.90
669,Launce,Lillicrap,llillicrapik@barnesandnoble.com,Male,171.92.75.56
670,Sascha,Chazerand,schazerandil@bloomberg.com,Female,67.211.232.121
671,June,Blinckhorne,jblinckhorneim@moonfruit.com,Female,226.66.13.217
672,Corrinne,Oldford,coldfordin@zimbio.com,Female,169.3.148.204
673,Queenie,Mewton,qmewtonio@foxnews.com,Female,169.32.101.227
674,Levon,Fulton,lfultonip@bluehost.com,Male,188.124.53.200
675,Kennedy,Muino,kmuinoiq@cyberchimps.com,Male,211.55.170.158
676,Hugh,Duinbleton,hduinbletonir@paypal.com,Male,239.64.208.220
677,Mavis,MacVanamy,mmacvanamyis@de.vu,Female,254.102.244.148
678,Whittaker,Quiney,wquineyit@samsung.com,Male,144.120.107.114
679,Wally,Jerred,wjerrediu@youtu.be,Male,218.247.151.59
680,Jaymee,Jacquest,jjacquestiv@mlb.com,Female,156.4.225.146
681,Kally,Tutill,ktutilliw@ibm.com,Female,146.30.135.224
682,Hanna,Oneil,honeilix@163.com,Female,108.74.244.161
683,Suki,Readman,sreadmaniy@pcworld.com,Female,93.222.57.214
684,Giorgia,Magson,gmagsoniz@nytimes.com,Female,161.123.48.216
685,Martainn,Philippard,mphilippardj0@bigcartel.com,Male,156.241.217.30
686,Sabine,MacAiline,smacailinej1@quantcast.com,Female,218.35.32.246
687,Den,Pretley,dpretleyj2@vk.com,Male,246.201.140.42
688,Fransisco,Raithbie,fraithbiej3@indiegogo.com,Male,136.214.167.54
689,Lexi,Picheford,lpichefordj4@jimdo.com,Female,247.51.225.195
690,Rebeca,Bullick,rbullickj5@bbc.co.uk,Female,101.234.165.158
691,Tracie,Rigden,trigdenj6@amazonaws.com,Female,106.184.67.122
692,Whitney,Franchioni,wfranchionij7@zimbio.com,Male,105.120.52.163
693,Ivette,Michin,imichinj8@eepurl.com,Female,174.85.125.231
694,Charlie,Elgee,celgeej9@sciencedirect.com,Male,113.17.231.28
695,Charo,Napolione,cnapolioneja@disqus.com,Female,236.75.87.62
696,Corine,Feldmesser,cfeldmesserjb@omniture.com,Female,188.128.81.217
697,Dalt,Darbyshire,ddarbyshirejc@exblog.jp,Male,155.190.15.218
698,Milli,Tattersdill,mtattersdilljd@smh.com.au,Female,223.237.177.187
699,Gianina,Jeskin,gjeskinje@tumblr.com,Female,98.186.100.13
700,Ahmed,Rable,arablejf@meetup.com,Male,116.33.176.139
701,Elita,Biasioli,ebiasiolijg@sakura.ne.jp,Female,134.87.185.111
702,Remy,Aicheson,raichesonjh@bluehost.com,Female,53.212.190.215
703,Johnathan,Czajkowski,jczajkowskiji@paginegialle.it,Male,158.187.205.100
704,Barrie,Niess,bniessjj@indiegogo.com,Male,188.252.178.235
705,Morgen,Jirka,mjirkajk@craigslist.org,Male,243.216.22.211
706,Gussie,Todman,gtodmanjl@yale.edu,Female,196.200.51.193
707,Corabelle,Durdle,cdurdlejm@yelp.com,Female,217.107.0.182
708,Marigold,Schiell,mschielljn@people.com.cn,Female,88.86.150.70
709,Dionisio,Stirman,dstirmanjo@sina.com.cn,Male,139.10.35.24
710,Angelico,d' Elboux,adelbouxjp@hugedomains.com,Male,209.163.10.29
711,Gaven,Mattusov,gmattusovjq@si.edu,Male,125.121.206.203
712,Misty,MacCambridge,mmaccambridgejr@smh.com.au,Female,218.18.175.145
713,Lela,Goadsby,lgoadsbyjs@imdb.com,Female,217.239.81.206
714,Shaine,Peaden,speadenjt@pcworld.com,Female,104.172.206.225
715,Georgeanne,Beevors,gbeevorsju@wired.com,Female,46.225.212.116
716,Julianne,Willoughley,jwilloughleyjv@imdb.com,Female,129.136.62.98
717,Gav,Slimmon,gslimmonjw@archive.org,Male,102.170.196.32
718,Glenn,Waitland,gwaitlandjx@prnewswire.com,Female,196.126.63.72
719,Kimble,Baudic,kbaudicjy@cdc.gov,Male,243.13.84.75
720,Geoff,Fleeming,gfleemingjz@accuweather.com,Male,126.75.104.104
721,Tris,Slatcher,tslatcherk0@independent.co.uk,Male,137.75.89.233
722,Madella,Farrants,mfarrantsk1@com.com,Female,76.52.241.242
723,Jessie,Spat,jspatk2@baidu.com,Female,72.116.123.34
724,Twyla,Costelloe,tcostelloek3@slate.com,Female,195.181.103.76
725,Bendicty,Dello,bdellok4@usatoday.com,Male,195.217.242.75
726,Jordan,Winny,jwinnyk5@woothemes.com,Male,251.43.171.166
727,Mirabel,Brownsell,mbrownsellk6@smh.com.au,Female,39.241.239.74
728,Elisabetta,Loggie,eloggiek7@deviantart.com,Female,93.183.239.49
729,Blanche,Collingworth,bcollingworthk8@yolasite.com,Female,123.133.141.131
730,Jerrylee,Mathevet,jmathevetk9@ucla.edu,Female,126.205.9.70
731,Prent,Vicker,pvickerka@ox.ac.uk,Male,135.104.115.132
732,Efren,Gerritzen,egerritzenkb@live.com,Male,29.31.124.135
733,Ahmed,McMorland,amcmorlandkc@reverbnation.com,Male,70.130.34.207
734,Ginger,Droogan,gdroogankd@delicious.com,Female,184.28.203.232
735,Norma,Folks,nfolkske@de.vu,Female,11.53.31.148
736,Freeland,Guerry,fguerrykf@weebly.com,Male,212.233.176.251
737,Wyn,Warlton,wwarltonkg@seesaa.net,Male,185.73.241.139
738,Karoly,Cutress,kcutresskh@soup.io,Male,120.38.103.122
739,Cyrillus,Sorbey,csorbeyki@nymag.com,Male,230.36.19.106
740,Murdoch,Griffitt,mgriffittkj@taobao.com,Male,84.187.228.219
741,Morty,Gorgen,mgorgenkk@uiuc.edu,Male,63.74.88.214
742,Golda,O'Kuddyhy,gokuddyhykl@studiopress.com,Female,61.63.218.222
743,Carine,Sheaf,csheafkm@redcross.org,Female,229.49.25.20
744,Lemmy,Overland,loverlandkn@etsy.com,Male,154.210.24.236
745,Chery,Peggs,cpeggsko@behance.net,Female,117.233.254.16
746,Electra,Adlard,eadlardkp@tinyurl.com,Female,35.76.17.13
747,Ely,Elldred,eelldredkq@narod.ru,Male,251.57.136.198
748,Xylia,Fortman,xfortmankr@toplist.cz,Female,157.68.119.45
749,Othella,John,ojohnks@whitehouse.gov,Female,70.87.35.189
750,Kerwin,Gheeorghie,kgheeorghiekt@reuters.com,Male,252.137.98.236
751,Elmer,Steutly,esteutlyku@bloglovin.com,Male,188.13.95.43
752,Myriam,De Hailes,mdehaileskv@wp.com,Female,230.214.192.250
753,Dunn,Beadnell,dbeadnellkw@biblegateway.com,Male,30.179.250.16
754,Leonhard,Tibb,ltibbkx@ca.gov,Male,149.67.178.208
755,Elie,Stiff,estiffky@fda.gov,Female,97.145.239.30
756,Beverley,Bearns,bbearnskz@symantec.com,Female,95.200.42.21
757,Lyman,Dowry,ldowryl0@plala.or.jp,Male,27.181.150.5
758,Rriocard,Tiery,rtieryl1@tiny.cc,Male,214.7.54.39
759,Mirella,Learmont,mlearmontl2@google.com,Female,66.248.24.23
760,Gerhardine,Markos,gmarkosl3@themeforest.net,Female,64.0.158.142
761,Lee,Neeves,lneevesl4@stumbleupon.com,Female,44.227.110.133
762,Inger,Hubbucke,ihubbuckel5@booking.com,Female,163.69.37.198
763,Herschel,Trobey,htrobeyl6@ucoz.ru,Male,166.110.60.71
764,Ricardo,Eringey,reringeyl7@livejournal.com,Male,129.70.253.126
765,Prisca,Hollingdale,phollingdalel8@shinystat.com,Female,255.170.134.77
766,Joby,Francois,jfrancoisl9@51.la,Female,233.3.180.138
767,Reese,Brandenberg,rbrandenbergla@spiegel.de,Male,192.34.133.102
768,Erich,Gilbody,egilbodylb@wordpress.com,Male,251.149.221.197
769,Whitman,Mewe,wmewelc@hp.com,Male,160.151.69.169
770,Britney,Randles,brandlesld@webs.com,Female,247.137.140.142
771,Ivory,Ysson,iyssonle@java.com,Female,156.117.54.237
772,Berenice,Cullington,bcullingtonlf@barnesandnoble.com,Female,57.148.202.140
773,Roshelle,Maffioletti,rmaffiolettilg@stanford.edu,Female,5.182.160.108
774,Linnea,Ritchard,lritchardlh@baidu.com,Female,25.77.221.170
775,Artair,Grimsley,agrimsleyli@berkeley.edu,Male,234.124.244.135
776,Lenka,Addenbrooke,laddenbrookelj@tamu.edu,Female,218.86.254.128
777,Hugues,Oxberry,hoxberrylk@kickstarter.com,Male,230.179.147.152
778,Ruttger,Bodechon,rbodechonll@springer.com,Male,56.250.16.172
779,Stearne,Lillicrap,slillicraplm@trellian.com,Male,148.195.44.184
780,Stephani,Eltune,seltuneln@economist.com,Female,247.173.204.214
781,Nigel,Reubel,nreubello@nasa.gov,Male,37.28.16.192
782,Chen,Danielski,cdanielskilp@mozilla.org,Male,227.147.195.38
783,Barnard,Denerley,bdenerleylq@altervista.org,Male,208.237.137.214
784,Xylia,Warne,xwarnelr@chron.com,Female,10.131.36.83
785,Berkly,Clint,bclintls@biblegateway.com,Male,102.244.29.161
786,Michele,Ansell,manselllt@home.pl,Female,94.197.47.151
787,Gertrudis,Eddie,geddielu@msu.edu,Female,57.205.170.107
788,Dagmar,Trittam,dtrittamlv@yellowpages.com,Female,156.222.158.85
789,Elias,Lemonnier,elemonnierlw@marriott.com,Male,175.14.184.79
790,Lucian,Chasen,lchasenlx@sitemeter.com,Male,98.122.127.140
791,Raffarty,Channon,rchannonly@dailymail.co.uk,Male,35.47.188.220
792,Elisa,Petley,epetleylz@pbs.org,Female,68.165.52.115
793,Dorri,Kildea,dkildeam0@reverbnation.com,Female,86.16.8.220
794,Ilise,Pandey,ipandeym1@washingtonpost.com,Female,172.244.22.217
795,Elli,Donneely,edonneelym2@ifeng.com,Female,18.49.182.238
796,Westleigh,Arnot,warnotm3@yahoo.co.jp,Male,21.70.165.46
797,Ivor,Cathenod,icathenodm4@bluehost.com,Male,210.163.2.202
798,Chaddy,Fishpond,cfishpondm5@yandex.ru,Male,155.164.253.102
799,Nertie,Glassopp,nglassoppm6@vinaora.com,Female,114.224.182.117
800,Quintin,Nulty,qnultym7@ibm.com,Male,50.16.202.37
801,Ingrim,Bealing,ibealingm8@wisc.edu,Male,203.34.113.194
802,Krystle,Paffot,kpaffotm9@bluehost.com,Female,95.169.239.11
803,Henry,Gluyas,hgluyasma@omniture.com,Male,218.23.248.23
804,Kelsi,Perris,kperrismb@topsy.com,Female,247.226.179.104
805,Jessie,Kenyam,jkenyammc@meetup.com,Female,52.146.180.1
806,Kele,Pydcock,kpydcockmd@ehow.com,Male,190.69.86.40
807,Marla,Vaskin,mvaskinme@sciencedirect.com,Female,206.203.90.122
808,Doreen,Collumbell,dcollumbellmf@china.com.cn,Female,152.169.119.226
809,Rubi,Critten,rcrittenmg@nationalgeographic.com,Female,63.134.77.92
810,Boniface,Bonifacio,bbonifaciomh@weather.com,Male,126.134.216.68
811,Julian,Annear,jannearmi@macromedia.com,Male,224.207.243.48
812,Martina,Sprankling,mspranklingmj@ed.gov,Female,82.26.109.119
813,Jessalin,Busher,jbushermk@ustream.tv,Female,214.154.7.84
814,Domini,Workes,dworkesml@slate.com,Female,126.22.83.192
815,Angel,Cribbott,acribbottmm@admin.ch,Male,37.107.247.25
816,Agnes,Kegan,akeganmn@vinaora.com,Female,208.200.171.131
817,Margie,Gerner,mgernermo@dailymail.co.uk,Female,190.71.172.121
818,Adele,Stocken,astockenmp@timesonline.co.uk,Female,233.134.187.51
819,Jerry,Staunton,jstauntonmq@google.nl,Male,105.1.30.86
820,Toiboid,Pietasch,tpietaschmr@taobao.com,Male,222.248.55.186
821,Fons,Hovy,fhovyms@rediff.com,Male,239.205.46.91
822,June,Wetherell,jwetherellmt@sphinn.com,Female,143.213.101.203
823,Rebekkah,Ryman,rrymanmu@ocn.ne.jp,Female,226.161.98.70
824,Janeczka,Noni,jnonimv@ovh.net,Female,196.249.220.249
825,Constance,Barstock,cbarstockmw@msu.edu,Female,243.193.64.18
826,Sky,Filshin,sfilshinmx@goo.gl,Male,186.186.57.62
827,Riane,Lattimore,rlattimoremy@example.com,Female,177.36.69.174
828,Patty,Whitrod,pwhitrodmz@fema.gov,Male,57.101.20.35
829,Britt,Thornhill,bthornhilln0@cnet.com,Male,106.68.108.64
830,Garik,Juris,gjurisn1@loc.gov,Male,19.14.76.195
831,Rozina,Deeves,rdeevesn2@tumblr.com,Female,31.124.101.17
832,Alva,Checcucci,acheccuccin3@unesco.org,Male,206.237.45.125
833,Dacey,Domerq,ddomerqn4@addtoany.com,Female,106.217.134.182
834,Irv,Ferrettino,iferrettinon5@addtoany.com,Male,161.6.137.117
835,Robbyn,Byass,rbyassn6@mlb.com,Female,108.198.221.146
836,Micky,Possel,mposseln7@europa.eu,Male,164.187.194.19
837,Farah,Cosgrave,fcosgraven8@redcross.org,Female,62.119.148.204
838,Annamarie,McPhilemy,amcphilemyn9@ameblo.jp,Female,105.241.26.166
839,Alix,Caudray,acaudrayna@earthlink.net,Female,194.175.53.68
840,Mei,Landreth,mlandrethnb@state.tx.us,Female,10.136.70.127
841,Gail,Chominski,gchominskinc@tripod.com,Female,0.154.214.228
842,Zebadiah,Lloyds,zlloydsnd@vkontakte.ru,Male,158.18.78.91
843,Corabel,Ghio,cghione@instagram.com,Female,183.217.103.137
844,Martelle,de Guise,mdeguisenf@google.ca,Female,194.238.160.231
845,Gilbertine,Cheyne,gcheyneng@miibeian.gov.cn,Female,38.103.111.234
846,Giffie,McEwen,gmcewennh@soup.io,Male,47.213.126.230
847,Mariele,Joslow,mjoslowni@virginia.edu,Female,48.67.44.42
848,Farra,Ratcliffe,fratcliffenj@friendfeed.com,Female,106.155.223.32
849,Jerrine,Baitey,jbaiteynk@dell.com,Female,35.123.7.242
850,Kahlil,Steffens,ksteffensnl@abc.net.au,Male,152.10.198.9
851,Christy,Barks,cbarksnm@alibaba.com,Female,110.13.84.85
852,Erskine,Yewman,eyewmannn@spotify.com,Male,226.226.229.170
853,Augustine,Abad,aabadno@pinterest.com,Male,194.253.130.190
854,Lyndsie,Klaff,lklaffnp@privacy.gov.au,Female,83.43.148.215
855,Hadrian,Paulot,hpaulotnq@bbc.co.uk,Male,207.128.157.50
856,Richmond,Szwarc,rszwarcnr@kickstarter.com,Male,100.88.167.148
857,Ignace,Tafani,itafanins@weather.com,Male,88.104.145.239
858,Leah,Hallihan,lhallihannt@goodreads.com,Female,27.147.155.34
859,Marjorie,Le Jean,mlejeannu@icq.com,Female,44.193.110.19
860,Ronni,Rosina,rrosinanv@livejournal.com,Female,247.1.116.212
861,Elvyn,Soughton,esoughtonnw@ed.gov,Male,103.251.178.18
862,Lindsy,MacLaverty,lmaclavertynx@myspace.com,Female,162.84.240.190
863,Bernardina,Barham,bbarhamny@columbia.edu,Female,94.142.189.148
864,Windy,Soulsby,wsoulsbynz@blogtalkradio.com,Female,211.184.178.151
865,Babs,Lingley,blingleyo0@alexa.com,Female,143.32.32.19
866,Frances,Rohlfs,frohlfso1@4shared.com,Female,72.106.26.239
867,Charmian,Langsbury,clangsburyo2@ask.com,Female,52.78.79.194
868,Katuscha,Pinsent,kpinsento3@disqus.com,Female,116.80.95.158
869,Hieronymus,Matschoss,hmatschosso4@hud.gov,Male,229.247.63.227
870,Enrique,Mugglestone,emugglestoneo5@flickr.com,Male,118.38.109.40
871,Shelia,Petow,spetowo6@icio.us,Female,78.185.195.25
872,Kassie,Southern,ksoutherno7@tuttocitta.it,Female,109.79.228.73
873,Jamaal,Maggorini,jmaggorinio8@java.com,Male,141.133.224.220
874,Sukey,Halse,shalseo9@is.gd,Female,3.50.103.151
875,Averil,Budibent,abudibentoa@about.me,Female,201.248.31.78
876,Pyotr,Brayson,pbraysonob@forbes.com,Male,212.155.36.191
877,Marwin,Blackett,mblackettoc@blog.com,Male,114.85.30.235
878,Egbert,Murty,emurtyod@yale.edu,Male,179.106.112.225
879,Hilly,Penticost,hpenticostoe@opensource.org,Male,126.74.50.93
880,Wyatt,Sutcliff,wsutcliffof@myspace.com,Male,222.117.123.101
881,Fleming,Picard,fpicardog@ehow.com,Male,189.219.18.225
882,Constantine,Tevlin,ctevlinoh@geocities.com,Female,186.161.148.236
883,Jolene,Shapland,jshaplandoi@usda.gov,Female,235.173.143.170
884,Hilario,Serginson,hserginsonoj@vinaora.com,Male,130.143.189.172
885,Ced,Westphal,cwestphalok@hud.gov,Male,233.224.71.217
886,Trina,Cadding,tcaddingol@yelp.com,Female,51.252.85.210
887,Sherye,Critchley,scritchleyom@webnode.com,Female,245.73.100.154
888,Lorene,Rymill,lrymillon@hatena.ne.jp,Female,71.248.46.139
889,Vasilis,Criag,vcriagoo@fc2.com,Male,253.223.226.190
890,Egan,Tudball,etudballop@blog.com,Male,167.248.245.96
891,Olivier,Sheards,osheardsoq@home.pl,Male,173.29.236.46
892,Greer,Haseley,ghaseleyor@cdbaby.com,Female,51.42.59.73
893,Prudy,Fandrich,pfandrichos@vimeo.com,Female,83.6.70.212
894,Malcolm,Ruoss,mruossot@360.cn,Male,3.168.76.248
895,Bryant,Gorman,bgormanou@360.cn,Male,136.157.129.194
896,Bradan,Antushev,bantushevov@independent.co.uk,Male,220.253.17.254
897,Jan,Shavel,jshavelow@earthlink.net,Male,110.246.150.8
898,Ottilie,Laverock,olaverockox@theglobeandmail.com,Female,191.110.152.159
899,Freddy,Girodias,fgirodiasoy@joomla.org,Male,31.151.225.215
900,Julius,Bunce,jbunceoz@ask.com,Male,107.102.77.223
901,Raquela,Records,rrecordsp0@hp.com,Female,187.125.1.179
902,Madeleine,Rugge,mruggep1@patch.com,Female,171.14.101.30
903,Welch,Sibly,wsiblyp2@marketwatch.com,Male,252.72.186.157
904,Emelyne,Latimer,elatimerp3@ezinearticles.com,Female,182.199.84.92
905,Marilin,Viles,mvilesp4@dell.com,Female,17.21.182.133
906,Jemmy,Ruler,jrulerp5@biglobe.ne.jp,Female,124.132.114.118
907,Ermina,Beavors,ebeavorsp6@tiny.cc,Female,78.241.92.217
908,Reba,Warby,rwarbyp7@sogou.com,Female,57.7.231.171
909,Ermin,Mattisson,emattissonp8@google.com,Male,6.128.156.7
910,Galven,Drane,gdranep9@berkeley.edu,Male,65.189.235.135
911,Haley,Gossop,hgossoppa@patch.com,Male,78.155.8.79
912,Dion,Duer,dduerpb@chron.com,Male,198.146.21.234
913,Herta,Jentzsch,hjentzschpc@google.es,Female,240.145.1.129
914,Genevra,Styche,gstychepd@icq.com,Female,63.142.184.16
915,Ardella,Harwin,aharwinpe@time.com,Female,148.68.112.121
916,Sherwin,Arthurs,sarthurspf@msn.com,Male,28.165.137.36
917,Joachim,Devonside,jdevonsidepg@naver.com,Male,40.154.170.128
918,Richard,McNysche,rmcnyscheph@acquirethisname.com,Male,229.125.140.63
919,Ash,Akrigg,aakriggpi@cargocollective.com,Male,1.140.118.10
920,Cesaro,Pitrollo,cpitrollopj@surveymonkey.com,Male,18.242.146.171
921,Cyndie,Gay,cgaypk@ox.ac.uk,Female,191.23.17.152
922,Walther,Portugal,wportugalpl@slate.com,Male,138.95.119.241
923,Dedie,Lamplough,dlamploughpm@addthis.com,Female,159.5.36.35
924,Frankie,McGarrell,fmcgarrellpn@deliciousdays.com,Female,70.217.166.243
925,Hinze,Dogerty,hdogertypo@usda.gov,Male,27.22.10.201
926,Emilee,Brodeur,ebrodeurpp@apple.com,Female,243.86.153.31
927,Ivonne,Coultar,icoultarpq@ustream.tv,Female,79.125.164.16
928,Merill,Danher,mdanherpr@slate.com,Male,111.30.0.22
929,Carolin,Ride,crideps@theatlantic.com,Female,179.105.19.64
930,Michael,Mouton,mmoutonpt@delicious.com,Male,113.247.210.120
931,Elset,Joutapaitis,ejoutapaitispu@reference.com,Female,47.93.69.10
932,Brion,Mellhuish,bmellhuishpv@miitbeian.gov.cn,Male,195.185.86.51
933,Rusty,Kimble,rkimblepw@hubpages.com,Male,151.37.222.118
934,Ilise,Drew,idrewpx@columbia.edu,Female,221.71.158.17
935,Dru,Vieyra,dvieyrapy@noaa.gov,Female,7.179.114.219
936,Jasmine,Marsters,jmarsterspz@sbwire.com,Female,203.108.77.194
937,Tudor,Tibbits,ttibbitsq0@diigo.com,Male,144.6.252.51
938,Arvin,McIlvaney,amcilvaneyq1@cpanel.net,Male,198.140.54.82
939,Joline,Forrestor,jforrestorq2@issuu.com,Female,21.233.246.56
940,Lucais,Dennitts,ldennittsq3@yellowpages.com,Male,19.167.42.18
941,Lefty,Carrabot,lcarrabotq4@theatlantic.com,Male,178.243.182.130
942,Doralynne,Edy,dedyq5@usatoday.com,Female,175.241.133.97
943,Cathy,Lamblin,clamblinq6@mac.com,Female,109.226.196.11
944,Doretta,McGaraghan,dmcgaraghanq7@bigcartel.com,Female,255.30.103.255
945,Bendick,Luquet,bluquetq8@devhub.com,Male,116.11.158.228
946,Tremayne,Broadbent,tbroadbentq9@mayoclinic.com,Male,219.42.32.6
947,Ware,Iskower,wiskowerqa@nationalgeographic.com,Male,115.191.228.232
948,Nathanil,Aronson,naronsonqb@addtoany.com,Male,118.10.223.43
949,Alasdair,Guitt,aguittqc@seesaa.net,Male,195.90.73.46
950,Cornie,Newens,cnewensqd@umich.edu,Male,247.24.81.163
951,Tessa,Gorvin,tgorvinqe@geocities.com,Female,181.209.122.128
952,Chase,Vittet,cvittetqf@umn.edu,Male,27.221.201.60
953,Creighton,Adams,cadamsqg@ed.gov,Male,247.214.145.61
954,Lynnett,Petrina,lpetrinaqh@samsung.com,Female,147.168.61.33
955,Tera,Paley,tpaleyqi@cbsnews.com,Female,71.17.230.22
956,Marabel,Cess,mcessqj@chron.com,Female,193.158.113.196
957,Giselle,Lernihan,glernihanqk@earthlink.net,Female,202.204.175.212
958,Jedidiah,D'Aulby,jdaulbyql@unicef.org,Male,218.33.107.245
959,Thomasa,De Maine,tdemaineqm@sina.com.cn,Female,235.117.240.49
960,Berkie,Torrijos,btorrijosqn@prweb.com,Male,11.242.212.61
961,Sharl,Bartozzi,sbartozziqo@google.nl,Female,54.183.100.168
962,Colan,Rolfo,crolfoqp@google.fr,Male,195.94.167.84
963,Shurlocke,Pringour,springourqq@dyndns.org,Male,21.62.130.66
964,Jerri,Gittens,jgittensqr@arstechnica.com,Male,17.33.128.49
965,Heath,Buller,hbullerqs@ehow.com,Male,52.95.151.22
966,Giulio,Brayford,gbrayfordqt@home.pl,Male,73.169.46.97
967,Angelico,Crosgrove,acrosgrovequ@squarespace.com,Male,107.34.33.182
968,Ringo,McGarrell,rmcgarrellqv@macromedia.com,Male,173.158.36.26
969,Bryn,Stowers,bstowersqw@cafepress.com,Female,202.49.220.103
970,Ericka,Jordon,ejordonqx@walmart.com,Female,9.53.201.176
971,Cesaro,Osgar,cosgarqy@multiply.com,Male,133.131.28.49
972,Kahaleel,Maytum,kmaytumqz@goo.gl,Male,78.88.98.72
973,Annamaria,Sagg,asaggr0@cam.ac.uk,Female,35.161.65.204
974,Clyve,Hayhow,chayhowr1@usatoday.com,Male,245.213.235.76
975,Evanne,Madgwich,emadgwichr2@ustream.tv,Female,78.131.98.155
976,Letitia,Seaton,lseatonr3@t.co,Female,186.67.155.88
977,Kristofor,Amps,kampsr4@mapy.cz,Male,215.121.126.143
978,Ulysses,Lissandri,ulissandrir5@phpbb.com,Male,131.170.226.100
979,Bert,Baton,bbatonr6@theglobeandmail.com,Female,120.181.228.114
980,Ave,Clarae,aclaraer7@phpbb.com,Male,148.44.18.228
981,Alene,Giles,agilesr8@networksolutions.com,Female,151.136.166.200
982,Avril,Pratchett,apratchettr9@usda.gov,Female,110.173.199.129
983,Saunderson,Titchener,stitchenerra@about.com,Male,152.132.76.43
984,Gideon,Swinerd,gswinerdrb@senate.gov,Male,120.26.236.160
985,Anissa,Mandrier,amandrierrc@canalblog.com,Female,42.150.167.173
986,Alyssa,Bim,abimrd@cmu.edu,Female,164.230.228.177
987,Judd,Lansly,jlanslyre@nasa.gov,Male,29.20.128.121
988,Washington,MacVanamy,wmacvanamyrf@seattletimes.com,Male,213.3.216.1
989,Quintin,Dyble,qdyblerg@sourceforge.net,Male,154.147.133.206
990,Monique,Warke,mwarkerh@xinhuanet.com,Female,186.130.240.146
991,Flori,Courtier,fcourtierri@fastcompany.com,Female,131.83.110.12
992,Barbey,Usmar,busmarrj@intel.com,Female,144.74.62.42
993,Mechelle,Antonignetti,mantonignettirk@miitbeian.gov.cn,Female,179.167.140.123
994,Cassie,Stump,cstumprl@cafepress.com,Female,87.16.212.121
995,Augie,Troman,atromanrm@domainmarket.com,Male,136.238.140.238
996,Eustace,Yanyushkin,eyanyushkinrn@salon.com,Male,84.102.7.94
997,Idaline,Bister,ibisterro@fotki.com,Female,77.17.238.125
998,Nat,Larkkem,nlarkkemrp@slashdot.org,Female,135.196.169.81
999,Eloisa,Neicho,eneichorq@columbia.edu,Female,209.231.7.121
1000,Dianne,Ivamy,divamyrr@comsenz.com,Female,242.122.5.133
